precision,recall
0.672719221,0.899881517
0.872093023,0.64516129
0.904357067,0.741289199