precision,recall
0.622894168,0.854265403
0.806112703,0.605017921
0.879171461,0.665505226