precision,recall
0.571876224,0.86492891
0.778846154,0.522580645
0.878706199,0.567944251