precision,recall
0.619069986,0.780805687
0.757682177,0.618637993
0.79854621,0.669860627