precision,recall
0.616363636,0.803317536
0.764285714,0.613620072
0.82546652,0.655052265