name,subname,accuracy,rmse,mae
Support Vector Machine,linear,0.9680638722554891,0.031936127744510975,0.031936127744510975
Support Vector Machine,poly,0.3972055888223553,1.0199600798403194,0.7293413173652694
Support Vector Machine,rbf,0.3932135728542914,0.9772455089820359,0.7241516966067865
Support Vector Machine,sigmoid,0.035129740518962074,37.33652694610778,5.382035928143712
K-Nearest Neighbor,k= 89,0.436127744510978,1.0194610778443114,0.7040918163672655
Naive Bayes Classifier,N/A,0.3964071856287425,0.9508982035928144,0.718562874251497
Decision Tree Classifier,max_depth=2,0.3193612774451098,1.7852295409181638,0.9860279441117764
